<?xml version="1.0" encoding="UTF-8"?>


<definitions
    xmlns="http://schemas.xmlsoap.org/wsdl/" xmlns:xsd="http://www.w3.org/2001/XMLSchema"
    xmlns:soap="http://schemas.xmlsoap.org/wsdl/soap/"
    xmlns:wsrm="http://schemas.xmlsoap.org/ws/2005/02/rm/policy"
    xmlns:wsaw="http://www.w3.org/2005/08/addressing"
    xmlns:wsu="http://docs.oasis-open.org/wss/2004/01/oasis-200401-wss-wssecurity-utility-1.0.xsd"
    xmlns:wsp="http://schemas.xmlsoap.org/ws/2004/09/policy">
        <wsp:Policy wsu:Id="AddNumbers_policy">
            <wsp:ExactlyOne>
                <wsp:All>
                    <wsaw:UsingAddressing/> 
                    <wsrm:RMAssertion>
                        <wsrm:InactivityTimeout Milliseconds="600000"/>
                        <wsrm:AcknowledgementInterval Milliseconds="200"/>
                    </wsrm:RMAssertion>
                </wsp:All>
            </wsp:ExactlyOne>
        </wsp:Policy>


	<message name="addNumbers">
            <part name="parameters" element="tns:addNumbers" />
	</message>
	<message name="addNumbersResponse">
            <part name="result" element="tns:addNumbersResponse" />
	</message>
	<message name="addNumbersFault">
            <part name="AddNumbersFault" element="tns:AddNumbersFault" />
	</message>
	<portType name="AddNumbersPortType">
            <operation name="addNumbers">
                <input message="tns:addNumbers" name="add"/>
                <output message="tns:addNumbersResponse" name="addResponse"/>
                <fault name="addNumbersFault" message="tns:addNumbersFault"/>
            </operation>
            <operation name="oneWayInt">
                <input message="tns:oneWayInt" />
            </operation>
	</portType>
	<binding name="AddNumbersBinding" type="tns:AddNumbersPortType">
            <wsp:PolicyReference URI="#AddNumbers_policy"/>
            <soap:binding transport="http://schemas.xmlsoap.org/soap/http" style="document" />
            <operation name="addNumbers">
                <soap:operation soapAction="" />
                <input>
                    <soap:body use="literal" />
                </input>
                <output>
                    <soap:body use="literal" />
                </output>
                <fault name="addNumbersFault">
                    <soap:fault name="addNumbersFault" use="literal" />
                </fault>
            </operation>
	</binding>
	<service name="AddNumbersService">
            <port name="AddNumbersPort" binding="tns:AddNumbersBinding"/>
	</service>
</definitions>
