<?xml version="1.0" ?>

<!--
 The contents of this file are subject to the terms
 of the Common Development and Distribution License
 (the License).  You may not use this file except in
 compliance with the License.
 
 You can obtain a copy of the license at
 https://glassfish.dev.java.net/public/CDDLv1.0.html.
 See the License for the specific language governing
 permissions and limitations under the License.
 
 When distributing Covered Code, include this CDDL
 Header Notice in each file and include the License file
 at https://glassfish.dev.java.net/public/CDDLv1.0.html.
 If applicable, add the following below the CDDL Header,
 with the fields enclosed by brackets [] replaced by
 you own identifying information:
 "Portions Copyrighted [year] [name of copyright owner]"
 
 Copyright 2006 Sun Microsystems Inc. All Rights Reserved
-->

<definitions xmlns="http://schemas.xmlsoap.org/wsdl/" xmlns:xsd="http://www.w3.org/2001/XMLSchema"
    xmlns:soap="http://schemas.xmlsoap.org/wsdl/soap/"
    xmlns:wsrm="http://schemas.xmlsoap.org/ws/2005/02/rm/policy"
    xmlns:wsaw="http://www.w3.org/2006/05/addressing/wsdl"
    xmlns:wsu="http://docs.oasis-open.org/wss/2004/01/oasis-200401-wss-wssecurity-utility-1.0.xsd"
    xmlns:wsp="http://schemas.xmlsoap.org/ws/2004/09/policy" xmlns:tns="http://server.fromjava/"
    targetNamespace="http://server.fromjava/" name="AddNumbersImplService">
    <wsp:Policy wsu:Id="AddNumbers_policy">
        <wsp:ExactlyOne>
            <wsp:All>
                <wsaw:UsingAddressing/>
                <wsrm:RMAssertion>
                    <wsrm:InactivityTimeout Milliseconds="600000"/>
                    <wsrm:AcknowledgementInterval Milliseconds="200"/>
                </wsrm:RMAssertion>
            </wsp:All>
        </wsp:ExactlyOne>
    </wsp:Policy>
    <message name="addNumbers">
        <part name="parameters" element="tns:addNumbers"/>
    </message>
    <message name="addNumbersResponse">
        <part name="result" element="tns:addNumbersResponse"/>
    </message>
    <message name="addNumbersFault">
        <part name="AddNumbersFault" element="tns:AddNumbersFault"/>
    </message>
    <portType name="AddNumbersImpl">
        <operation name="addNumbers">
            <input message="tns:addNumbers" name="add"/>
            <output message="tns:addNumbersResponse" name="addResponse"/>
            <fault name="addNumbersFault" message="tns:addNumbersFault"/>
        </operation>
        <operation name="oneWayInt">
            <input message="tns:oneWayInt"/>
        </operation>
    </portType>
    <binding name="AddNumbersImplPortBinding" type="tns:AddNumbersImpl">
        <wsp:PolicyReference URI="#AddNumbers_policy"/>
        <soap:binding transport="http://schemas.xmlsoap.org/soap/http" style="document"/>
        <operation name="addNumbers">
            <soap:operation soapAction=""/>
            <input>
                <soap:body use="literal"/>
            </input>
            <output>
                <soap:body use="literal"/>
            </output>
            <fault name="addNumbersFault">
                <soap:fault name="addNumbersFault" use="literal"/>
            </fault>
        </operation>
    </binding>
    <service name="AddNumbersService">
        <port name="AddNumbersPort" binding="tns:AddNumbersImplPortBinding"/>
    </service>
</definitions>
