<?xml version="1.0" encoding="UTF-8" standalone="yes"?>

<!--
 The contents of this file are subject to the terms
 of the Common Development and Distribution License
 (the License).  You may not use this file except in
 compliance with the License.
 
 You can obtain a copy of the license at
 https://glassfish.dev.java.net/public/CDDLv1.0.html.
 See the License for the specific language governing
 permissions and limitations under the License.
 
 When distributing Covered Code, include this CDDL
 Header Notice in each file and include the License file
 at https://glassfish.dev.java.net/public/CDDLv1.0.html.
 If applicable, add the following below the CDDL Header,
 with the fields enclosed by brackets [] replaced by
 you own identifying information:
 "Portions Copyrighted [year] [name of copyright owner]"
 
 Copyright 2006 Sun Microsystems Inc. All Rights Reserved
-->


<!--
 The contents of this file are subject to the terms
 of the Common Development and Distribution License
 (the "License").  You may not use this file except
 in compliance with the License.
 
 You can obtain a copy of the license at
 https://jwsdp.dev.java.net/CDDLv1.0.html
 See the License for the specific language governing
 permissions and limitations under the License.
 
 When distributing Covered Code, include this CDDL
 HEADER in each file and include the License file at
 https://jwsdp.dev.java.net/CDDLv1.0.html  If applicable,
 add the following below this CDDL HEADER, with the
 fields enclosed by brackets "[]" replaced with your
 own identifying information: Portions Copyright [yyyy]
 [name of copyright owner]
-->

<bindings 
    xmlns:xsd="http://www.w3.org/2001/XMLSchema"
    xmlns:jaxb="http://java.sun.com/xml/ns/jaxb"
    xmlns:wsdl="http://schemas.xmlsoap.org/wsdl/"
    wsdlLocation="AddNumbers.wsdl"
    xmlns="http://java.sun.com/xml/ns/jaxws">
    <bindings node="ns1:definitions" xmlns:ns1="http://schemas.xmlsoap.org/wsdl/">
        <package name="fromwsdl.server"/>
    </bindings>
    <bindings node="ns1:definitions/ns1:types/xsd:schema[@targetNamespace='http://example.org']" xmlns:xs="http://www.w3.org/2001/XMLSchema" xmlns:ns1="http://schemas.xmlsoap.org/wsdl/">
        <jaxb:schemaBindings>
            <jaxb:package name="fromwsdl.server"/>
        </jaxb:schemaBindings>
    </bindings>
</bindings>

