<?xml version="1.0" encoding="UTF-8" standalone="yes"?>

<!--
 The contents of this file are subject to the terms
 of the Common Development and Distribution License
 (the "License").  You may not use this file except
 in compliance with the License.
 
 You can obtain a copy of the license at
 https://jwsdp.dev.java.net/CDDLv1.0.html
 See the License for the specific language governing
 permissions and limitations under the License.
 
 When distributing Covered Code, include this CDDL
 HEADER in each file and include the License file at
 https://jwsdp.dev.java.net/CDDLv1.0.html  If applicable,
 add the following below this CDDL HEADER, with the
 fields enclosed by brackets "[]" replaced with your
 own identifying information: Portions Copyright [yyyy]
 [name of copyright owner]
-->

<bindings 
    xmlns:xsd="http://www.w3.org/2001/XMLSchema"
    xmlns:jaxb="http://java.sun.com/xml/ns/jaxb"
    xmlns:wsdl="http://schemas.xmlsoap.org/wsdl/"
    wsdlLocation="http://localhost:8080/wsit-enabled-fromwsdl/addnumbers?wsdl"
    xmlns="http://java.sun.com/xml/ns/jaxws">    
    <bindings node="ns1:definitions" xmlns:ns1="http://schemas.xmlsoap.org/wsdl/">
        <package name="fromwsdl.client"/>
    </bindings>
    <bindings node="ns1:definitions/ns1:types/xsd:schema[@targetNamespace='http://duke.org']" xmlns:xs="http://www.w3.org/2001/XMLSchema" xmlns:ns1="http://schemas.xmlsoap.org/wsdl/">
        <jaxb:schemaBindings>
            <jaxb:package name="fromwsdl.client"/>
        </jaxb:schemaBindings>
    </bindings>
</bindings>

