<?xml version="1.0" encoding="UTF-8"?>

<!--
 The contents of this file are subject to the terms 
 of the Common Development and Distribution License 
 (the License).  You may not use this file except in
 compliance with the License.
 
 You can obtain a copy of the license at 
 https://glassfish.dev.java.net/public/CDDLv1.0.html or
 glassfish/bootstrap/legal/CDDLv1.0.txt.
 See the License for the specific language governing 
 permissions and limitations under the License.
 
 When distributing Covered Code, include this CDDL 
 Header Notice in each file and include the License file 
 at glassfish/bootstrap/legal/CDDLv1.0.txt.  
 If applicable, add the following below the CDDL Header, 
 with the fields enclosed by brackets [] replaced by
 you own identifying information: 
 "Portions Copyrighted [year] [name of copyright owner]"
 
 Copyright 2007 Sun Microsystems, Inc. All rights reserved.
-->
<PredefinedConcepts>
<JAXRClassificationScheme id="objectType" name="ObjectType" >
<JAXRConcept id="objectType/ExternalLink" name="ExternalLink" parent="objectType" code="ExternalLink"></JAXRConcept>
<JAXRConcept id="objectType/Package" name="Package" parent="objectType" code="Package"></JAXRConcept>
<JAXRConcept id="objectType/ExternalId" name="ExternalId" parent="objectType" code="ExternalIdentifier"></JAXRConcept>
<JAXRConcept id="objectType/Association" name="Association" parent="objectType" code="Association"></JAXRConcept>
<JAXRConcept id="objectType/Classification" name="Classification" parent="objectType" code="Classification"></JAXRConcept>
<JAXRConcept id="objectType/Concept" name="Concept" parent="objectType" code="Concept"></JAXRConcept>
<JAXRConcept id="objectType/AuditableEvent" name="AuditableEvent" parent="objectType" code="AuditableEvent"></JAXRConcept>
<JAXRConcept id="objectType/User" name="User" parent="objectType" code="User"></JAXRConcept>
<JAXRConcept id="objectType/Organization" name="Organization" parent="objectType" code="Organization"></JAXRConcept>
<JAXRConcept id="objectType/CPA" name="CPA" parent="objectType" code="CPA"></JAXRConcept>
<JAXRConcept id="objectType/CPP" name="CPP" parent="objectType" code="CPP"></JAXRConcept>
<JAXRConcept id="objectType/Service" name="Service" parent="objectType" code="Service"></JAXRConcept>
<JAXRConcept id="objectType/ServiceBinding" name="ServiceBinding" parent="objectType" code="ServiceBinding"></JAXRConcept>
<JAXRConcept id="objectType/Process" name="Process" parent="objectType" code="Process"></JAXRConcept>
<JAXRConcept id="objectType/WSDL" name="WSDL" parent="objectType" code="WSDL"></JAXRConcept>
<JAXRConcept id="objectType/ExtrinsicObj" name="ExtrinsicObj" parent="objectType" code="ExtrinsicObject"></JAXRConcept>
<JAXRConcept id="objectType/Organization" name="Organization" parent="objectType" code="Organization"></JAXRConcept>
<JAXRConcept id="objectType/User" name="User" parent="objectType" code="User"></JAXRConcept>
</JAXRClassificationScheme>
<JAXRClassificationScheme id="associationType" name="AssociationType">
<JAXRConcept id="associationType/RelatedTo" name="RelatedTo" parent="associationType" code="RelatedTo"></JAXRConcept>
<JAXRConcept id="associationType/ExternallyLinks" name="Links" parent="associationType" code="ExternallyLinks"></JAXRConcept>
<JAXRConcept id="associationType/Contains" name="Contains" parent="associationType" code="Contains"></JAXRConcept>
<JAXRConcept id="associationType/Extends" name="Extends" parent="associationType" code="Extends"></JAXRConcept>
<JAXRConcept id="associationType/Implements" name="Implements" parent="associationType" code="Implements"></JAXRConcept>
<JAXRConcept id="associationType/InstanceOf" name="InstanceOf" parent="associationType" code="InstanceOf"></JAXRConcept>
<JAXRConcept id="associationType/Supersedes" name="Supersedes" parent="associationType" code="Supersedes"></JAXRConcept>
<JAXRConcept id="associationType/Uses" name="Uses" parent="associationType" code="Uses"></JAXRConcept>
<JAXRConcept id="associationType/HasMember" name="HasMember" parent="associationType" code="HasMember"></JAXRConcept>
<JAXRConcept id="associationType/EquivalentTo" name="EquivalentTo" parent="associationType" code="EquivalentTo"></JAXRConcept>
<JAXRConcept id="associationType/HasChild" name="HasChild" parent="associationType" code="HasChild"></JAXRConcept>
<JAXRConcept id="associationType/HasParent" name="HasParent" parent="associationType" code="HasParent"></JAXRConcept>
<JAXRConcept id="associationType/Replaces" name="Replaces" parent="associationType" code="Replaces"></JAXRConcept>
<JAXRConcept id="associationType/ResponsibleFor" name="ResponsibleFor" parent="associationType" code="ResponsibleFor"></JAXRConcept>
<JAXRConcept id="associationType/SubmitterOf" name="SubmitterOf" parent="associationType" code="SubmitterOf"></JAXRConcept>
</JAXRClassificationScheme>
<JAXRClassificationScheme id="URLType" name="URLType">
<JAXRConcept id="URLType/HTTP" name="HTTP" parent="URLType" code="HTTP"></JAXRConcept>
<JAXRConcept id="URLType/HTTPS" name="HTTPS" parent="URLType" code="HTTPS"></JAXRConcept>
<JAXRConcept id="URLType/SMTP" name="SMTP" parent="URLType" code="SMTP"></JAXRConcept>
<JAXRConcept id="URLType/FAX" name="FAX" parent="URLType" code="FAX"></JAXRConcept>
<JAXRConcept id="URLType/Phone" name="Phone" parent="URLType" code="PHONE"></JAXRConcept>
<JAXRConcept id="URLType/Other" name="Other" parent="URLType" code="OTHER"></JAXRConcept>
</JAXRClassificationScheme>
<JAXRClassificationScheme id="PhoneType" name="PhoneType">
<JAXRConcept id="PhoneType/Office" name="Office" parent="PhoneType" code="OfficePhone"></JAXRConcept>
<JAXRConcept id="PhoneType/Home" name="Home" parent="PhoneType" code="HomePhone"></JAXRConcept>
<JAXRConcept id="PhoneType/Mobile" name="Mobile" parent="PhoneType" code="MobilePhone"></JAXRConcept>
<JAXRConcept id="PhoneType/Beeper" name="Beeper" parent="PhoneType" code="Beeper"></JAXRConcept>
<JAXRConcept id="PhoneType/FAX" name="FAX" parent="PhoneType" code="FAX"></JAXRConcept>
</JAXRClassificationScheme>
<JAXRClassificationScheme id="PostalAddressAttributes" name="PostalAddressAttributes">
<JAXRConcept id="uuid:PostalAddressAttributes/StreetNumber" name="StreetNumber" parent="PostalAddressAttributes" code="StreetNumber"></JAXRConcept>
<JAXRConcept id="uuid:PostalAddressAttributes/Street" name="Street" parent="PostalAddressAttributes" code="Street"></JAXRConcept>
<JAXRConcept id="uuid:PostalAddressAttributes/City" name="City" parent="PostalAddressAttributes" code="City"></JAXRConcept>
<JAXRConcept id="uuid:PostalAddressAttributes/State" name="State" parent="PostalAddressAttributes" code="State"></JAXRConcept>
<JAXRConcept id="uuid:PostalAddressAttributes/PostalCode" name="PostalCode" parent="PostalAddressAttributes" code="PostalCode"></JAXRConcept>
<JAXRConcept id="uuid:PostalAddressAttributes/Country" name="Country" parent="PostalAddressAttributes" code="Country"></JAXRConcept>
</JAXRClassificationScheme>
</PredefinedConcepts>