<?xml version="1.0" encoding="UTF-8"?>
<project name="jaxws-ant-tasks" default="default">
    <import file="${ant.file.command-line-ant-tasks}/../common-properties.xml"/>
    <import file="${ant.file.command-line-ant-tasks}/../app-server-ant.xml"/>
    
    <target name="wsimport-init" depends="init">
        <mkdir dir="${build.generated.dir}/wsimport/client"/>
        <mkdir dir="${build.classes.dir}"/>
        <taskdef name="wsimport" classname="com.sun.tools.ws.ant.WsImport">
            <classpath path="${java.home}/../lib/tools.jar:${javac.classpath}"/>
            <classpath refid="javaee.classpath"/>
        </taskdef>
        <condition property="wsimport.secure">
            <isset property="wsimport.jvm.args"/>
        </condition>
    </target>
    
    <!--target name="wsimport-client-check" depends="wsimport-init">
        <condition property="wsimport-client-notRequired">
            
        </condition>
    </target-->
    
    <target name="wsimport-client-generate" depends="wsimport-init,wsimport-client-generate-nojvmargs,wsimport-client-generate-jvmargs"/>

    <target name="wsimport-client-generate-nojvmargs" depends="wsimport-init" unless="wsimport.secure">
        <wsimport sourcedestdir="${build.generated.dir}/wsimport/client" 
                  package="${wsimport.package}" 
                  destdir="${build.classes.dir}"
                  wsdl="${wsimport.wsdl.location}"
                  verbose="${verbose}"/>
    </target>
    
    <target name="wsimport-client-generate-jvmargs" depends="wsimport-init" if="wsimport.secure">
        <wsimport fork="true"
                  verbose="${verbose}"
                  debug="${debug}"
                  keep="${keep}"
                  sourcedestdir="${build.generated.dir}/wsimport/client" 
                  package="${wsimport.package}" 
                  destdir="${build.classes.dir}"
                  wsdl="${wsimport.wsdl.location}">
            <jvmarg line="${wsimport.jvm.args}"/>
        </wsimport>
    </target>
</project>
